face_id,left,top,right,bottom,score_face,percorso_immagine_censurata
1,310,135,376,230,0.9101282954216003,output_immagini/image_censored/censored_img660_jpg.rf.5da1ce52208bc777ea599866c96c86b9.jpg
2,357,184,416,317,0.9013408422470093,
3,118,151,181,247,0.8978271484375,
4,157,66,215,149,0.8344489932060242,
5,215,146,279,246,0.6983000040054321,
6,116,106,167,166,0.6892870664596558,
7,193,75,244,143,0.6529165506362915,
8,78,112,127,172,0.5396096706390381,
