face_id,left,top,right,bottom,score_face,percorso_immagine_censurata
1,195,78,249,154,0.8502101898193359,output_immagini/image_censored/censored_img661_jpg.rf.7f78453807df4f38abe83d0f54203b17.jpg
2,289,233,365,351,0.8445796966552734,
3,125,72,188,166,0.8233431577682495,
4,163,80,220,158,0.7904812693595886,
5,79,121,131,187,0.7834196090698242,
6,96,214,174,348,0.7689096331596375,
7,29,131,81,195,0.4646393060684204,
8,251,104,302,173,0.30411532521247864,
