face_id,left,top,right,bottom,score_face,percorso_immagine_censurata
1,158,153,212,222,0.7705672979354858,output_immagini/image_censored/censored_img888_jpg.rf.a542572005e29bc6a4e52191e8af7f4d.jpg
2,282,207,326,254,0.47183313965797424,
3,246,211,290,259,0.3252248466014862,
