face_id,left,top,right,bottom,score_face,percorso_immagine_censurata
1,308,78,367,155,0.7798017263412476,output_immagini/image_censored/censored_img1777_jpg.rf.d146d5e1b9aac07da7dbfedc5fec748e.jpg
2,364,93,416,170,0.7718534469604492,
3,134,115,182,174,0.5662860870361328,
4,230,154,277,209,0.46717774868011475,
