face_id,left,top,right,bottom,score_face,percorso_immagine_censurata
1,492,71,547,133,0.68101966381073,output_immagini/image_censored/censored_foto8.png
2,362,65,419,128,0.6068872809410095,
3,433,67,488,128,0.5605438351631165,
4,328,80,381,141,0.5277527570724487,
5,197,62,259,122,0.2584749460220337,
