face_id,left,top,right,bottom,score_face,percorso_immagine_censurata
1,492,71,547,133,0.6810188889503479,output_immagini/image_censored/censored_foto8_copia.png
2,362,65,419,128,0.6068869233131409,
3,433,67,488,128,0.5605432987213135,
4,328,80,381,141,0.5277536511421204,
5,197,62,259,122,0.25847524404525757,
