face_id,left,top,right,bottom,score_face,percorso_immagine_censurata
1,69,174,142,287,0.914608895778656,output_immagini/image_censored/censored_img713_jpg.rf.c9f8e7c7cd0c3e248716b274eb5ad891.jpg
2,262,136,326,226,0.9007740616798401,
3,39,103,109,209,0.8892529606819153,
4,349,169,416,267,0.8321163058280945,
5,26,135,76,192,0.4948219656944275,
