face_id,left,top,right,bottom,score_face,percorso_immagine_censurata
1,132,119,213,262,0.8032261729240417,output_immagini/image_censored/censored_img681_jpg.rf.c10539420ed879491f42024941a54b89.jpg
2,175,166,234,242,0.7857195138931274,
3,237,127,292,198,0.543246865272522,
4,121,128,169,190,0.37799301743507385,
5,263,128,308,179,0.35949811339378357,
