face_id,left,top,right,bottom,score_face,percorso_immagine_censurata
1,236,59,328,214,0.8806672096252441,output_immagini/image_censored/censored_img638_jpg.rf.57d7a3dffee98465014c5c2be2a180e8.jpg
2,303,103,360,179,0.7771222591400146,
3,181,91,229,150,0.6092989444732666,
4,318,72,375,145,0.5778079032897949,
5,129,86,176,142,0.5635274648666382,
6,325,77,374,144,0.4538028836250305,
7,110,90,157,143,0.3459046483039856,
