face_id,left,top,right,bottom,score_face,percorso_immagine_censurata
1,1436,2195,1517,2297,0.4851571023464203,output_immagini/image_censored/censored_IMG_0238.jpg
2,1432,2200,1509,2298,0.40069136023521423,
3,1346,2165,1426,2264,0.3386874496936798,
4,332,2180,431,2287,0.28166463971138,
