face_id,left,top,right,bottom,score_face,percorso_immagine_censurata
1,56,127,111,201,0.8894217610359192,output_immagini/image_censored/censored_img682_jpg.rf.4290558fd1e997d4559635907fe1a982.jpg
2,148,196,221,310,0.8887455463409424,
3,78,268,156,384,0.8648269772529602,
4,123,131,180,204,0.8509894609451294,
5,153,143,205,209,0.7379738688468933,
6,180,136,235,206,0.5871202349662781,
7,271,127,317,176,0.4090493321418762,
