face_id,left,top,right,bottom,score_face,percorso_immagine_censurata
1,199,31,254,102,0.854905903339386,output_immagini/image_censored/censored_img569_jpg.rf.07e48c58b055bef1974ce4c918335476.jpg
2,155,50,208,114,0.7849708199501038,
3,32,90,76,135,0.33414560556411743,
4,114,66,160,114,0.3272191882133484,
