face_id,left,top,right,bottom,score_face,percorso_immagine_censurata
1,756,252,826,330,0.6861544251441956,output_immagini/image_censored/censored_foto11.jpeg
2,813,211,876,286,0.4600425958633423,
3,875,251,933,326,0.416960746049881,
4,814,245,876,321,0.35393014550209045,
5,756,252,828,344,0.307878315448761,
6,815,217,883,305,0.27188652753829956,
7,815,240,881,321,0.25907644629478455,
