face_id,left,top,right,bottom,score_face,percorso_immagine_censurata
1,202,96,251,154,0.48854711651802063,output_immagini/image_censored/censored_01b805b9f96679a3_jpg.rf.86154b67673a461565357a8942bf0b7d.jpg
2,199,96,251,155,0.3190450370311737,
3,232,86,279,140,0.28327712416648865,
4,32,120,79,171,0.276563823223114,
