face_id,left,top,right,bottom,score_face,percorso_immagine_censurata
1,173,59,243,169,0.8876320123672485,output_immagini/image_censored/censored_img676_jpg.rf.988778c0a1dc3fb845c738e866d7c0f9.jpg
2,274,105,339,199,0.8170405030250549,
3,80,105,131,168,0.7829487919807434,
4,111,111,159,170,0.6598486304283142,
5,35,124,88,188,0.4306659996509552,
