face_id,left,top,right,bottom,score_face,percorso_immagine_censurata
1,110,86,169,170,0.6408487558364868,output_immagini/image_censored/censored_img1953_jpg.rf.3d23124487642c3f86faa7822bcf9ea2.jpg
2,355,172,416,283,0.517132043838501,
3,172,161,219,217,0.44561609625816345,
4,221,142,268,196,0.35119131207466125,
5,188,162,233,213,0.2941402494907379,
